ID,ACTION,IS_DELETED
4424213,InHouse Interview,FALSE
4448030,InHouse Interview,FALSE
4455308,InHouse Interview,FALSE
4748143,InHouse Interview,FALSE
4792339,InHouse Interview,FALSE
4793279,InHouse Interview,FALSE
4816331,InHouse Interview,FALSE
4873795,InHouse Interview,FALSE
4874769,InHouse Interview,FALSE
4899594,InHouse Interview,FALSE
4922747,InHouse Interview,FALSE
4941575,InHouse Interview,FALSE
4950148,InHouse Interview,FALSE
4960638,InHouse Interview,FALSE
4963493,InHouse Interview,FALSE
4973021,InHouse Interview,FALSE
4991314,InHouse Interview,FALSE
4996393,InHouse Interview,FALSE
5004020,InHouse Interview,FALSE
5014051,InHouse Interview,FALSE
5025585,InHouse Interview,FALSE
5033366,InHouse Interview,FALSE
5051774,InHouse Interview,FALSE
5058998,InHouse Interview,FALSE
5061569,InHouse Interview,FALSE
5063523,InHouse Interview,FALSE
5067363,InHouse Interview,FALSE
5082684,InHouse Interview,FALSE
5085376,InHouse Interview,FALSE
6681522,InHouse Interview,FALSE
6685007,InHouse Interview,FALSE
6689648,InHouse Interview,FALSE
6719638,InHouse Interview,FALSE
6769746,InHouse Interview,FALSE
6801252,InHouse Interview,FALSE
6801351,InHouse Interview,FALSE
6826177,InHouse Interview,FALSE
6842557,InHouse Interview,FALSE
6844109,InHouse Interview,FALSE
6850852,InHouse Interview,FALSE
6869570,InHouse Interview,FALSE
6875351,InHouse Interview,FALSE
6881308,InHouse Interview,FALSE
6887100,InHouse Interview,FALSE
6890222,InHouse Interview,FALSE
6893514,InHouse Interview,FALSE
6901611,InHouse Interview,FALSE
6902577,InHouse Interview,FALSE
6908942,InHouse Interview,FALSE
6928436,InHouse Interview,FALSE
6956499,InHouse Interview,FALSE
6957162,InHouse Interview,FALSE
6976659,InHouse Interview,FALSE
6977340,InHouse Interview,FALSE
6995562,InHouse Interview,FALSE
7005999,InHouse Interview,FALSE
7019509,InHouse Interview,FALSE
7020739,InHouse Interview,FALSE
7022899,InHouse Interview,FALSE
7025040,InHouse Interview,FALSE
7042949,InHouse Interview,FALSE
7043078,InHouse Interview,FALSE
7051854,InHouse Interview,FALSE
7096388,InHouse Interview,FALSE
7309956,InHouse Interview,FALSE
7328554,InHouse Interview,FALSE
7328566,InHouse Interview,FALSE
7329649,InHouse Interview,FALSE
7344658,InHouse Interview,FALSE
7365937,InHouse Interview,FALSE
7402957,InHouse Interview,FALSE
7464226,InHouse Interview,FALSE
7488244,InHouse Interview,FALSE
7489200,InHouse Interview,FALSE
7533852,InHouse Interview,FALSE
7544027,InHouse Interview,FALSE
7549850,InHouse Interview,FALSE
7563622,InHouse Interview,FALSE
7580420,InHouse Interview,FALSE
7607777,InHouse Interview,FALSE
7651752,InHouse Interview,FALSE
7702318,InHouse Interview,FALSE
7720331,InHouse Interview,FALSE
7722620,InHouse Interview,FALSE
7769307,InHouse Interview,FALSE
7778715,InHouse Interview,FALSE
7784097,InHouse Interview,FALSE
7800389,InHouse Interview,FALSE
7813398,InHouse Interview,FALSE
7829607,InHouse Interview,FALSE
7829959,InHouse Interview,FALSE
7834641,InHouse Interview,FALSE
7843725,InHouse Interview,FALSE
7869389,InHouse Interview,FALSE
7910571,InHouse Interview,FALSE
7915524,InHouse Interview,FALSE
7946424,InHouse Interview,FALSE
7953199,InHouse Interview,FALSE
7953342,InHouse Interview,FALSE
7957864,InHouse Interview,FALSE
7960033,InHouse Interview,FALSE
7972068,InHouse Interview,FALSE
7991010,InHouse Interview,FALSE
8021156,InHouse Interview,FALSE
8042749,InHouse Interview,FALSE
8045198,InHouse Interview,FALSE
8053267,InHouse Interview,FALSE
8136532,InHouse Interview,FALSE
8138256,InHouse Interview,FALSE
8147603,InHouse Interview,FALSE
9148314,InHouse Interview,FALSE
9282790,InHouse Interview,FALSE
9283528,InHouse Interview,FALSE
9426297,InHouse Interview,FALSE
9440469,InHouse Interview,FALSE
9624776,InHouse Interview,FALSE
9715842,InHouse Interview,FALSE
9729998,InHouse Interview,FALSE
10655319,InHouse Interview,FALSE
10702593,InHouse Interview,FALSE
10948768,InHouse Interview,FALSE
11976186,InHouse Interview,FALSE
12514321,InHouse Interview,FALSE
